{"cameraMode":{"drawMode":0,"name":"Shaded","section":"Shading Mode"},"sceneLighting":true,"audioPlay":false,"sceneViewState":{"showFog":true,"showMaterialUpdate":false,"showSkybox":true,"showFlares":true,"showImageEffects":true,"showParticleSystems":true},"in2DMode":false,"pivot":{"x":-63.337642669677737,"y":62.203826904296878,"z":-61.98040771484375},"rotation":{"x":-0.3531351685523987,"y":-0.22359275817871095,"z":0.08732035011053086,"w":-0.9042634963989258},"size":247.17962646484376,"orthographic":true}