{"cameraMode":{"drawMode":0,"name":"Shaded","section":"Shading Mode"},"sceneLighting":true,"audioPlay":false,"sceneViewState":{"showFog":true,"showMaterialUpdate":false,"showSkybox":true,"showFlares":true,"showImageEffects":true,"showParticleSystems":true},"in2DMode":false,"pivot":{"x":363.2471008300781,"y":41.3494873046875,"z":410.2267761230469},"rotation":{"x":-0.3969346284866333,"y":-0.47844231128692629,"z":0.2566201388835907,"w":-0.7400609254837036},"size":1095.0379638671875,"orthographic":false}