{"cameraMode":{"drawMode":0,"name":"Shaded","section":"Shading Mode"},"sceneLighting":false,"audioPlay":false,"sceneViewState":{"showFog":true,"showMaterialUpdate":false,"showSkybox":true,"showFlares":true,"showImageEffects":true,"showParticleSystems":true},"in2DMode":false,"pivot":{"x":70.78016662597656,"y":679.2286376953125,"z":576.0213623046875},"rotation":{"x":-0.3276262879371643,"y":-0.6508616805076599,"z":0.36991652846336367,"w":-0.5764445662498474},"size":33.3253288269043,"orthographic":false}