{"cameraMode":{"drawMode":0,"name":"Shaded","section":"Shading Mode"},"sceneLighting":true,"audioPlay":false,"sceneViewState":{"showFog":true,"showMaterialUpdate":false,"showSkybox":true,"showFlares":true,"showImageEffects":true,"showParticleSystems":true},"in2DMode":false,"pivot":{"x":2487.207763671875,"y":239.1215362548828,"z":1717.53955078125},"rotation":{"x":-0.14090092480182649,"y":0.13968805968761445,"z":-0.020084979012608529,"w":-0.9799146056175232},"size":32.28752517700195,"orthographic":false}