{"cameraMode":{"drawMode":0,"name":"Shaded","section":"Shading Mode"},"sceneLighting":false,"audioPlay":false,"sceneViewState":{"showFog":true,"showMaterialUpdate":false,"showSkybox":true,"showFlares":true,"showImageEffects":true,"showParticleSystems":true},"in2DMode":false,"pivot":{"x":-362.06939697265627,"y":450.5323181152344,"z":-376.917724609375},"rotation":{"x":-0.12052173912525177,"y":-0.3791464865207672,"z":0.04988448694348335,"w":-0.9161079525947571},"size":2.8578836917877199,"orthographic":false}